sale_id,sale_date,product_id,product_category,quantity,unit_price,revenue,region
S001,2024-02-05,P101,Bebidas,45,12.50,562.50,Sudeste
S002,2024-02-06,P101,Bebidas,55,12.50,687.50,Sudeste
S003,2024-02-07,P101,Bebidas,80,12.50,1000.00,Sudeste
S004,2024-02-08,P101,Bebidas,95,12.50,1187.50,Sudeste
S005,2024-02-09,P101,Bebidas,110,12.50,1375.00,Sudeste
S006,2024-02-12,P101,Bebidas,30,12.50,375.00,Sudeste
S007,2024-02-13,P101,Bebidas,25,12.50,312.50,Sudeste
S008,2024-02-15,P101,Bebidas,40,12.50,500.00,Sudeste
S009,2024-02-05,P202,Eletrônicos,10,250.00,2500.00,Sul
S010,2024-02-08,P202,Eletrônicos,12,250.00,3000.00,Sul
S011,2024-02-12,P202,Eletrônicos,5,250.00,1250.00,Sul
S012,2024-03-22,P301,Alimentos,60,25.00,1500.00,Nordeste
S013,2024-03-25,P301,Alimentos,90,25.00,2250.00,Nordeste
S014,2024-03-27,P301,Alimentos,120,25.00,3000.00,Nordeste
S015,2024-03-28,P301,Alimentos,140,25.00,3500.00,Nordeste
S016,2024-03-29,P301,Alimentos,40,25.00,1000.00,Nordeste
S017,2024-04-15,P101,Bebidas,42,12.50,525.00,Sudeste
S018,2024-04-18,P101,Bebidas,65,12.50,812.50,Sudeste
S019,2024-04-20,P101,Bebidas,70,12.50,875.00,Sudeste
S020,2024-04-21,P101,Bebidas,35,12.50,437.50,Sudeste
S021,2024-04-25,P401,Vestuário,20,89.90,1798.00,Sul
S022,2024-04-28,P401,Vestuário,35,89.90,3146.50,Sul
S023,2024-04-30,P401,Vestuário,45,89.90,4045.50,Sul
S024,2024-05-01,P401,Vestuário,15,89.90,1348.50,Sul
S025,2024-12-18,P101,Bebidas,130,12.50,1625.00,Sudeste
S026,2024-12-20,P101,Bebidas,160,12.50,2000.00,Sudeste
S027,2024-12-22,P101,Bebidas,190,12.50,2375.00,Sudeste
S028,2024-12-23,P101,Bebidas,210,12.50,2625.00,Sudeste
S029,2024-12-25,P101,Bebidas,50,12.50,625.00,Sudeste
S030,2024-12-18,P202,Eletrônicos,25,250.00,6250.00,Sudeste
S031,2024-12-20,P202,Eletrônicos,38,250.00,9500.00,Sudeste
S032,2024-12-22,P202,Eletrônicos,42,250.00,10500.00,Sudeste
S033,2024-12-25,P202,Eletrônicos,8,250.00,2000.00,Sudeste
S034,2024-06-10,P101,Bebidas,38,12.50,475.00,Sudeste
S035,2024-06-11,P101,Bebidas,40,12.50,500.00,Sudeste
S036,2024-06-12,P101,Bebidas,42,12.50,525.00,Sudeste
S037,2024-08-14,P202,Eletrônicos,11,250.00,2750.00,Sul
S038,2024-08-15,P202,Eletrônicos,12,250.00,3000.00,Sul
S039,2024-10-08,P401,Vestuário,22,89.90,1977.80,Nordeste
S040,2024-10-10,P401,Vestuário,38,89.90,3416.20,Nordeste
S041,2024-10-11,P401,Vestuário,42,89.90,3775.80,Nordeste
S042,2024-10-12,P401,Vestuário,18,89.90,1618.20,Nordeste
